scenario,avg_delay_s
single_channel,0.4113920000000009
multi_channel,0.3005120000000006
