scenario,nodes,packets,interval,area_size,speed,channels,adr_node,adr_server,pdr_mean,pdr_std,collision_rate_mean,collision_rate_std,avg_delay_s_mean,avg_delay_s_std,energy_per_node_mean,energy_per_node_std,avg_sf_mean,avg_sf_std
static_single,50,100,60.0,1000.0,5.0,1,False,False,94.96575228643859,3.020837211109108,5.034247713561412,3.0208372111091095,0.42043059983710096,0.05621832599455695,8.611467517064742,1.2273618510749447,9.388,0.2664132128855476
static_multi,50,100,60.0,1000.0,5.0,3,False,False,99.20527387531575,0.4355177931288988,0.7947261246842402,0.435517793128902,0.4318927541519195,0.06260465395935191,8.611467517064742,1.2273618510749447,9.388,0.2664132128855476
mobile_single,50,100,60.0,1000.0,5.0,1,False,False,95.05618684341053,2.872556281734156,4.9438131565894645,2.872556281734156,0.421106887605566,0.056060426116150995,8.6114675170837,1.2273618510760413,9.388,0.2664132128855476
mobile_multi,50,100,60.0,1000.0,5.0,3,False,False,99.20549846055863,0.44230926848720137,0.7945015394413801,0.4423092684872015,0.4319833438353756,0.0626619602374706,8.6114675170837,1.2273618510760413,9.388,0.2664132128855476
mobile_multi_fast,50,100,60.0,1000.0,10.0,3,False,False,99.20524744442788,0.41830716917174676,0.7947525555721111,0.4183071691717409,0.4318648520399605,0.06249702265395562,8.6114675170837,1.2273618510760413,9.388,0.2664132128855476
mobile_multi_many_channels,50,100,60.0,1000.0,5.0,6,False,False,99.7887734700651,0.10787130831260351,0.21122652993489432,0.10787130831260595,0.43222425931157415,0.0627849674818704,8.6114675170837,1.2273618510760413,9.388,0.2664132128855476
static_multi_many_nodes,200,100,60.0,1000.0,5.0,3,False,False,95.40430398471015,0.5653681082956702,4.595696015289847,0.5653681082956716,0.4412200410920709,0.04139165188598807,9.051852111429842,0.9096358145635738,9.491999999999999,0.17642562172201606
static_single_many_nodes,200,100,60.0,1000.0,5.0,1,False,False,82.02267170059639,1.3615081962681432,17.97732829940361,1.361508196268143,0.3938739055752558,0.03900734935333238,9.051852111429842,0.9096358145635738,9.491999999999999,0.17642562172201606
