scenario,nodes,interval,area_size,speed,channels,pdr_mean,pdr_std,avg_delay_mean,avg_delay_std,energy_per_node_mean,energy_per_node_std,collision_rate_mean,collision_rate_std
n50_c1_static,50,60.0,1000.0,0.0,1,73.2,0.0,0.41351554098360355,0.0,0.41654975988252446,0.0,1.0810810810810811,0.0
n50_c1_mobile,50,60.0,1000.0,5.0,1,73.6,0.0,0.41157565217391,0.0,0.41654975988245385,0.0,1.0752688172043012,0.0
n50_c3_mobile,50,60.0,1000.0,5.0,3,74.4,0.0,0.41512189247311526,0.0,0.41654975988245385,0.0,0.0,0.0
n50_c6_static,50,60.0,1000.0,0.0,6,74.4,0.0,0.41512189247311526,0.0,0.41654975988252446,0.0,0.0,0.0
n200_c1_static,200,60.0,1000.0,0.0,1,59.0,0.0,0.4329814779660981,0.0,0.48092228806858195,0.0,17.251051893408135,0.0
n200_c1_mobile,200,60.0,1000.0,5.0,1,59.0,0.0,0.425223376271183,0.0,0.48092228806917947,0.0,17.251051893408135,0.0
n200_c3_mobile,200,60.0,1000.0,5.0,3,67.0,0.0,0.47063116417910106,0.0,0.48092228806917947,0.0,6.293706293706294,0.0
n200_c6_static,200,60.0,1000.0,0.0,6,69.0,0.0,0.48284939130434473,0.0,0.48092228806858195,0.0,3.4965034965034967,0.0
