scenario,pdr,avg_delay,energy_per_node
static_single,0.64,0.26286400000000043,0.2294743974897684
static_three,0.64,0.26286400000000043,0.2294743974897684
mobile_single,0.64,0.26286400000000043,0.2294743974897698
mobile_three,0.64,0.26286400000000043,0.2294743974897698
